sample	total	Stable	Low_FE	Medium_FE	High_FE	Stable_pct	Low_FE_pct	Medium_FE_pct	High_FE_pct
hiPSC_nor	433	324	24	33	52	74.82678983833718	5.542725173210162	7.621247113163972	12.009237875288683
hiPSC_var	452	305	49	49	49	67.47787610619469	10.84070796460177	10.84070796460177	10.84070796460177
