view	total	Stable_boundary	Stable_boundary_pct	Boundary_shift	Boundary_shift_pct	Unique_boundary	Unique_boundary_pct
hiPSC_var	415	258	62.16867469879518	119	28.674698795180724	38	9.156626506024097
hiPSC_nor	413	258	62.469733656174334	118	28.57142857142857	37	8.958837772397095
