view	total	Stable_boundary	Stable_boundary_pct	Boundary_shift	Boundary_shift_pct	Unique_boundary	Unique_boundary_pct
hiPSC_var	270	182	67.4074074074074	71	26.296296296296294	17	6.296296296296296
hiPSC_nor	267	182	68.16479400749064	70	26.217228464419474	15	5.617977528089887
