view	total	Stable_boundary	Stable_boundary_pct	Boundary_shift	Boundary_shift_pct	Unique_boundary	Unique_boundary_pct
hiPSC_var	93	61	65.59139784946237	29	31.182795698924732	3	3.225806451612903
hiPSC_nor	95	61	64.21052631578948	29	30.526315789473685	5	5.263157894736842
